,Season,Team,Games,Won,Drawn,Lost,Points,GoalsScored,GoalsConceded,GoalsDifference,A,2A,VE,SeasonOrder
0,2021,Sporting CP,31,24,7,0,79,56,15,41,74,2,1,27
1,2021,FC Porto,32,22,8,2,74,67,29,38,51,3,1,27
2,2021,SL Benfica,31,20,7,4,67,59,22,37,64,0,0,27
3,2021,SC Braga,32,18,6,8,60,51,32,19,55,1,4,27
4,2021,Paços Ferreira,32,14,8,10,50,37,37,0,58,0,2,27
5,2021,V. Guimarães,31,12,6,13,42,35,39,-4,64,0,2,27
6,2021,Moreirense,32,9,13,10,40,33,41,-8,70,1,0,27
7,2021,Santa Clara,31,10,7,14,37,37,36,1,81,1,1,27
8,2021,Belenenses,31,8,13,10,37,22,28,-6,79,3,2,27
9,2021,Gil Vicente,32,10,6,16,36,30,40,-10,60,2,2,27
10,2021,Tondela,31,10,6,15,36,33,50,-17,70,2,3,27
11,2021,Portimonense,32,9,7,16,34,34,40,-6,72,0,1,27
12,2021,Famalicão,31,8,10,13,34,35,44,-9,81,2,2,27
13,2021,Marítimo,32,10,4,18,34,26,42,-16,83,2,1,27
14,2021,Rio Ave,31,6,13,12,31,23,35,-12,61,2,3,27
15,2021,Boavista,31,6,12,13,30,36,47,-11,73,5,3,27
16,2021,Farense,32,6,10,16,28,30,44,-14,67,3,3,27
17,2021,Nacional,31,6,7,18,25,28,51,-23,84,1,3,27
18,1920,FC Porto,34,26,4,4,82,74,22,52,87,2,1,26
19,1920,SL Benfica,34,24,5,5,77,71,26,45,71,1,1,26
20,1920,SC Braga,34,18,6,10,60,61,40,21,91,2,4,26
21,1920,Sporting CP,34,18,6,10,60,49,34,15,91,3,0,26
22,1920,Rio Ave,34,15,10,9,55,48,36,12,71,2,5,26
23,1920,Famalicão,34,14,12,8,54,53,51,2,99,3,8,26
24,1920,V. Guimarães,34,13,11,10,50,53,38,15,69,3,2,26
25,1920,Moreirense,34,10,13,11,43,42,44,-2,82,2,2,26
26,1920,Gil Vicente,34,11,10,13,43,40,44,-4,76,3,1,26
27,1920,Santa Clara,34,11,10,13,43,36,41,-5,75,1,2,26
28,1920,Marítimo,34,9,12,13,39,34,42,-8,98,1,5,26
29,1920,Boavista,34,10,9,15,39,28,39,-11,111,3,4,26
30,1920,Paços Ferreira,34,11,6,17,39,36,52,-16,112,4,2,26
31,1920,Tondela,34,9,9,16,36,30,44,-14,82,3,1,26
32,1920,Belenenses,34,9,8,17,35,27,54,-27,96,3,1,26
33,1920,V. Setúbal,34,7,13,14,34,27,43,-16,99,3,4,26
34,1920,Portimonense,34,7,12,15,33,30,45,-15,83,2,0,26
35,1920,Desp. Aves,34,5,2,27,17,24,68,-44,94,4,3,26
36,1819,SL Benfica,34,28,3,3,87,103,31,72,70,2,5,25
37,1819,FC Porto,34,27,4,3,85,74,20,54,61,0,1,25
38,1819,Sporting CP,34,23,5,6,74,72,33,39,100,2,5,25
39,1819,SC Braga,34,21,4,9,67,56,37,19,65,1,1,25
40,1819,V. Guimarães,34,15,7,12,52,46,34,12,68,2,1,25
41,1819,Moreirense,34,16,4,14,52,39,44,-5,74,2,3,25
42,1819,Rio Ave,34,12,9,13,45,50,52,-2,92,8,3,25
43,1819,Boavista,34,13,5,16,44,34,40,-6,104,4,2,25
44,1819,Belenenses,34,10,13,11,43,42,51,-9,73,3,3,25
45,1819,Santa Clara,34,11,9,14,42,43,45,-2,78,2,4,25
46,1819,Portimonense,34,11,6,17,39,44,59,-15,78,2,4,25
47,1819,Marítimo,34,12,3,19,39,26,44,-18,86,0,4,25
48,1819,V. Setúbal,34,8,12,14,36,28,39,-11,99,4,3,25
49,1819,Desp. Aves,34,10,6,18,36,35,49,-14,76,2,1,25
50,1819,Tondela,34,9,8,17,35,40,54,-14,101,6,7,25
51,1819,Desp. Chaves,34,8,8,18,32,34,57,-23,84,1,4,25
52,1819,Nacional,34,7,7,20,28,33,73,-40,84,4,0,25
53,1819,Feirense,34,3,11,20,20,27,64,-37,95,2,2,25
54,1718,FC Porto,34,28,4,2,88,82,18,64,67,2,1,24
55,1718,SL Benfica,34,25,6,3,81,80,22,58,60,1,0,24
56,1718,Sporting CP,34,24,6,4,78,63,24,39,70,3,0,24
57,1718,SC Braga,34,24,3,7,75,74,29,45,78,1,0,24
58,1718,Rio Ave,34,15,6,13,51,40,42,-2,84,2,5,24
59,1718,Desp. Chaves,34,13,8,13,47,47,55,-8,59,1,2,24
60,1718,Marítimo,34,13,8,13,47,36,49,-13,79,3,4,24
61,1718,Boavista,34,13,6,15,45,35,44,-9,93,1,1,24
62,1718,V. Guimarães,34,13,4,17,43,45,56,-11,77,2,4,24
63,1718,Portimonense,34,10,8,16,38,52,60,-8,71,3,2,24
64,1718,Tondela,34,10,8,16,38,41,50,-9,72,0,5,24
65,1718,Belenenses,34,9,10,15,37,33,46,-13,81,6,3,24
66,1718,Desp. Aves,34,9,7,18,34,36,51,-15,72,0,3,24
67,1718,Moreirense,34,8,8,18,32,29,50,-21,93,5,2,24
68,1718,V. Setúbal,34,7,11,16,32,39,62,-23,73,2,3,24
69,1718,Feirense,34,9,4,21,31,32,48,-16,104,2,3,24
70,1718,Paços Ferreira,34,7,9,18,30,33,59,-26,97,3,5,24
71,1718,Estoril,34,8,6,20,30,29,61,-32,74,2,5,24
72,1617,SL Benfica,34,25,7,2,82,72,18,54,58,1,1,23
73,1617,FC Porto,34,22,10,2,76,71,19,52,69,2,2,23
74,1617,Sporting CP,34,21,7,6,70,68,36,32,87,3,0,23
75,1617,V. Guimarães,34,18,8,8,62,50,39,11,76,2,2,23
76,1617,SC Braga,34,15,9,10,54,51,36,15,93,2,2,23
77,1617,Marítimo,34,13,11,10,50,34,32,2,82,1,0,23
78,1617,Rio Ave,34,14,7,13,49,41,39,2,74,4,3,23
79,1617,Feirense,34,14,6,14,48,31,45,-14,100,4,2,23
80,1617,Boavista,34,10,13,11,43,33,36,-3,88,4,1,23
81,1617,Estoril,34,10,8,16,38,36,42,-6,83,3,0,23
82,1617,Desp. Chaves,34,8,14,12,38,35,42,-7,81,2,2,23
83,1617,V. Setúbal,34,10,8,16,38,30,39,-9,73,0,0,23
84,1617,Paços Ferreira,34,8,12,14,36,32,45,-13,74,2,2,23
85,1617,Belenenses,34,9,9,16,36,27,45,-18,82,2,2,23
86,1617,Moreirense,34,8,9,17,33,33,48,-15,83,4,2,23
87,1617,Tondela,34,8,8,18,32,29,52,-23,94,6,3,23
88,1617,Arouca,34,9,5,20,32,33,57,-24,86,2,2,23
89,1617,Nacional,34,4,9,21,21,22,58,-36,88,5,2,23
90,1516,SL Benfica,34,29,1,4,88,88,22,66,75,2,0,22
91,1516,Sporting CP,34,27,5,2,86,79,21,58,73,0,4,22
92,1516,FC Porto,34,23,4,7,73,67,30,37,82,2,1,22
93,1516,SC Braga,34,16,10,8,58,54,35,19,86,5,5,22
94,1516,Arouca,34,13,15,6,54,47,38,9,110,3,1,22
95,1516,Rio Ave,34,14,8,12,50,44,44,0,97,6,1,22
96,1516,Paços Ferreira,34,13,10,11,49,43,42,1,112,2,2,22
97,1516,Estoril,34,13,8,13,47,40,41,-1,77,4,1,22
98,1516,Belenenses,34,10,11,13,41,44,66,-22,83,2,5,22
99,1516,V. Guimarães,34,9,13,12,40,45,53,-8,99,4,5,22
100,1516,Nacional,34,10,8,16,38,40,56,-16,74,5,1,22
101,1516,Moreirense,34,9,9,16,36,38,54,-16,98,3,0,22
102,1516,Marítimo,34,10,5,19,35,45,63,-18,113,11,8,22
103,1516,Boavista,34,8,9,17,33,24,41,-17,103,7,0,22
104,1516,Tondela,34,8,6,20,30,34,54,-20,85,3,3,22
105,1516,V. Setúbal,34,6,12,16,30,40,61,-21,100,8,4,22
106,1516,U. Madeira,34,7,8,19,29,27,50,-23,82,2,0,22
107,1516,Académica,34,5,10,19,25,32,60,-28,94,3,2,22
108,1415,SL Benfica,34,27,4,3,85,86,16,70,81,1,1,21
109,1415,FC Porto,34,25,7,2,82,74,13,61,64,1,2,21
110,1415,Sporting CP,34,22,10,2,76,67,29,38,99,8,2,21
111,1415,SC Braga,34,17,7,10,58,55,28,27,91,5,1,21
112,1415,V. Guimarães,34,15,10,9,55,50,35,15,99,6,3,21
113,1415,Belenenses,34,12,12,10,48,34,35,-1,102,1,0,21
114,1415,Nacional,34,13,8,13,47,45,46,-1,99,6,2,21
115,1415,Paços Ferreira,34,12,11,11,47,40,45,-5,90,4,0,21
116,1415,Marítimo,34,12,8,14,44,46,45,1,100,7,0,21
117,1415,Rio Ave,34,10,13,11,43,38,42,-4,95,3,4,21
118,1415,Moreirense,34,11,10,13,43,33,42,-9,88,3,2,21
119,1415,Estoril,34,9,13,12,40,38,56,-18,105,2,4,21
120,1415,Boavista,34,9,7,18,34,27,50,-23,107,9,3,21
121,1415,Académica,34,4,17,13,29,26,46,-20,79,1,3,21
122,1415,V. Setúbal,34,7,8,19,29,24,56,-32,105,7,5,21
123,1415,Arouca,34,7,7,20,28,26,50,-24,96,4,1,21
124,1415,Gil Vicente,34,4,11,19,23,25,60,-35,119,9,1,21
125,1415,Penafiel,34,5,7,22,22,29,69,-40,110,5,5,21
126,1314,SL Benfica,30,23,5,2,74,58,18,40,66,2,0,20
127,1314,Sporting CP,30,20,7,3,67,54,20,34,82,1,1,20
128,1314,FC Porto,30,19,4,7,61,57,25,32,77,1,2,20
129,1314,Estoril,30,15,9,6,54,42,26,16,64,1,7,20
130,1314,Nacional,30,11,12,7,45,43,33,10,82,2,2,20
131,1314,Marítimo,30,11,8,11,41,40,44,-4,82,3,7,20
132,1314,V. Setúbal,30,10,9,11,39,41,41,0,86,3,5,20
133,1314,SC Braga,30,10,7,13,37,39,37,2,72,1,3,20
134,1314,Académica,30,9,10,11,37,25,35,-10,85,2,2,20
135,1314,V. Guimarães,30,10,5,15,35,30,35,-5,96,3,0,20
136,1314,Rio Ave,30,8,8,14,32,21,35,-14,109,6,0,20
137,1314,Arouca,30,8,7,15,31,28,42,-14,105,7,0,20
138,1314,Gil Vicente,30,8,7,15,31,23,37,-14,97,3,6,20
139,1314,Belenenses,30,6,10,14,28,19,33,-14,85,5,6,20
140,1314,Olhanense,30,6,6,18,24,21,49,-28,94,7,4,20
141,1314,Paços Ferreira,30,6,6,18,24,28,59,-31,89,5,1,20
142,1213,FC Porto,30,24,6,0,78,70,14,56,52,2,0,19
143,1213,SL Benfica,30,24,5,1,77,77,20,57,57,3,3,19
144,1213,Paços Ferreira,30,14,12,4,54,42,29,13,76,5,1,19
145,1213,SC Braga,30,16,4,10,52,60,44,16,75,4,3,19
146,1213,Estoril,30,13,6,11,45,47,37,10,73,6,3,19
147,1213,Sporting CP,30,11,9,10,42,36,36,0,82,4,1,19
148,1213,Rio Ave,30,12,6,12,42,35,42,-7,91,3,4,19
149,1213,Nacional,30,11,7,12,40,45,51,-6,87,7,5,19
150,1213,V. Guimarães,30,11,7,12,40,36,47,-11,83,1,3,19
151,1213,Marítimo,30,9,11,10,38,34,45,-11,97,5,1,19
152,1213,Académica,30,6,10,14,28,33,45,-12,78,2,6,19
153,1213,V. Setúbal,30,7,5,18,26,30,55,-25,81,6,4,19
154,1213,Olhanense,30,5,10,15,25,26,42,-16,78,2,3,19
155,1213,Gil Vicente,30,6,7,17,25,31,54,-23,93,4,1,19
156,1213,Moreirense,30,5,9,16,24,30,51,-21,75,2,3,19
157,1213,Beira-Mar,30,5,8,17,23,35,55,-20,85,4,3,19
158,1112,FC Porto,30,23,6,1,75,69,19,50,84,1,2,18
159,1112,SL Benfica,30,21,6,3,69,66,27,39,88,4,1,18
160,1112,SC Braga,30,19,5,6,62,59,29,30,67,1,1,18
161,1112,Sporting CP,30,18,5,7,59,47,26,21,89,4,2,18
162,1112,Marítimo,30,14,8,8,50,41,38,3,93,4,2,18
163,1112,V. Guimarães,30,14,3,13,45,40,40,0,90,2,1,18
164,1112,Nacional,30,13,5,12,44,48,50,-2,95,6,2,18
165,1112,Olhanense,30,9,12,9,39,36,38,-2,101,5,3,18
166,1112,Gil Vicente,30,8,10,12,34,31,42,-11,61,2,2,18
167,1112,Paços Ferreira,30,8,7,15,31,35,53,-18,88,5,8,18
168,1112,V. Setúbal,30,8,6,16,30,24,49,-25,107,7,2,18
169,1112,Académica,30,7,8,15,29,27,38,-11,101,2,7,18
170,1112,Beira-Mar,30,8,5,17,29,26,38,-12,95,6,3,18
171,1112,Rio Ave,30,7,7,16,28,33,42,-9,84,4,1,18
172,1112,Feirense,30,5,9,16,24,27,49,-22,97,4,6,18
173,1112,U. Leiria,30,5,4,21,19,25,56,-31,70,3,5,18
174,1011,FC Porto,30,27,3,0,84,73,16,57,81,2,1,17
175,1011,SL Benfica,30,20,3,7,63,61,31,30,87,5,4,17
176,1011,Sporting CP,30,13,9,8,48,41,31,10,85,1,2,17
177,1011,SC Braga,30,13,7,10,46,45,33,12,86,3,5,17
178,1011,V. Guimarães,30,12,7,11,43,36,37,-1,94,4,1,17
179,1011,Nacional,30,11,9,10,42,28,31,-3,75,6,1,17
180,1011,Paços Ferreira,30,10,11,9,41,35,42,-7,80,4,3,17
181,1011,Rio Ave,30,10,8,12,38,35,33,2,93,4,2,17
182,1011,Marítimo,30,9,8,13,35,33,32,1,93,5,5,17
183,1011,U. Leiria,30,9,8,13,35,25,38,-13,92,6,0,17
184,1011,Olhanense,30,7,13,10,34,24,34,-10,85,1,3,17
185,1011,V. Setúbal,30,8,10,12,34,29,42,-13,95,4,2,17
186,1011,Beira-Mar,30,7,12,11,33,32,36,-4,63,3,3,17
187,1011,Académica,30,7,9,14,30,32,48,-16,90,4,5,17
188,1011,Portimonense,30,6,7,17,25,29,49,-20,96,5,3,17
189,1011,Naval,30,5,8,17,23,26,51,-25,73,1,7,17
190,0910,SL Benfica,30,24,4,2,76,78,20,58,74,1,2,16
191,0910,SC Braga,30,22,5,3,71,48,20,28,68,1,1,16
192,0910,FC Porto,30,21,5,4,68,70,26,44,64,3,0,16
193,0910,Sporting CP,30,13,9,8,48,42,26,16,75,3,1,16
194,0910,Marítimo,30,11,8,11,41,42,43,-1,71,2,4,16
195,0910,V. Guimarães,30,11,8,11,41,31,34,-3,87,3,6,16
196,0910,Nacional,30,10,9,11,39,36,46,-10,76,4,4,16
197,0910,Naval,30,10,6,14,36,20,35,-15,62,2,0,16
198,0910,Paços Ferreira,30,8,11,11,35,32,37,-5,75,4,0,16
199,0910,U. Leiria,30,9,8,13,35,35,41,-6,68,1,3,16
200,0910,Académica,30,8,9,13,33,37,42,-5,67,3,2,16
201,0910,Rio Ave,30,6,13,11,31,22,33,-11,72,1,4,16
202,0910,Olhanense,30,5,14,11,29,31,46,-15,99,4,6,16
203,0910,V. Setúbal,30,5,10,15,25,29,57,-28,88,6,1,16
204,0910,Belenenses,30,4,11,15,23,23,44,-21,73,1,3,16
205,0910,Leixões,30,5,6,19,21,25,51,-26,92,7,5,16
206,0809,FC Porto,30,21,7,2,70,61,18,43,62,1,0,15
207,0809,Sporting CP,30,20,6,4,66,45,20,25,77,5,2,15
208,0809,SL Benfica,30,17,8,5,59,54,32,22,81,5,0,15
209,0809,Nacional,30,15,7,8,52,47,32,15,84,4,1,15
210,0809,SC Braga,30,13,11,6,50,38,21,17,77,0,2,15
211,0809,Leixões,30,12,9,9,45,30,31,-1,76,1,0,15
212,0809,Académica,30,10,9,11,39,28,32,-4,64,3,5,15
213,0809,V. Guimarães,30,10,8,12,38,32,36,-4,64,1,3,15
214,0809,Marítimo,30,9,10,11,37,35,36,-1,58,4,2,15
215,0809,Paços Ferreira,30,9,7,14,34,37,42,-5,89,0,1,15
216,0809,E. Amadora,30,8,10,12,34,26,38,-12,60,3,2,15
217,0809,Rio Ave,30,8,6,16,30,20,35,-15,82,4,1,15
218,0809,Naval,30,7,8,15,29,25,39,-14,57,0,1,15
219,0809,V. Setúbal,30,7,5,18,26,21,46,-25,78,3,2,15
220,0809,Belenenses,30,5,9,16,24,28,52,-24,101,3,1,15
221,0809,Trofense,30,5,8,17,23,25,42,-17,83,2,2,15
222,0607,FC Porto,30,22,3,5,69,65,20,45,65,0,1,13
223,0607,Sporting CP,30,20,8,2,68,54,15,39,60,3,1,13
224,0607,SL Benfica,30,20,7,3,67,55,20,35,62,4,2,13
225,0607,SC Braga,30,14,8,8,50,35,30,5,79,4,5,13
226,0607,Belenenses,30,15,4,11,49,36,29,7,76,2,2,13
227,0607,Paços Ferreira,30,10,12,8,42,31,36,-5,87,6,3,13
228,0607,U. Leiria,30,10,11,9,41,25,27,-2,78,4,1,13
229,0607,Nacional,30,11,6,13,39,41,38,3,74,3,0,13
230,0607,Boavista,30,8,11,11,35,32,34,-2,79,6,2,13
231,0607,E. Amadora,30,9,8,13,35,23,36,-13,94,5,3,13
232,0607,Naval,30,7,11,12,32,28,37,-9,64,3,3,13
233,0607,Marítimo,30,8,8,14,32,30,44,-14,84,0,4,13
234,0607,Académica,30,6,8,16,26,28,46,-18,79,6,2,13
235,0607,V. Setúbal,30,5,9,16,24,21,45,-24,76,3,1,13
236,0607,Beira-Mar,30,4,11,15,23,28,55,-27,65,4,5,13
237,0607,Desp. Aves,30,5,7,18,22,22,42,-20,91,2,1,13
238,0506,FC Porto,34,24,7,3,79,54,16,38,72,3,1,12
239,0506,Sporting CP,34,22,6,6,72,50,24,26,71,1,2,12
240,0506,SL Benfica,34,20,7,7,67,51,29,22,82,3,1,12
241,0506,SC Braga,34,17,7,10,58,38,22,16,80,3,1,12
242,0506,Nacional,34,14,10,10,52,40,32,8,87,1,2,12
243,0506,Boavista,34,12,14,8,50,37,29,8,99,6,5,12
244,0506,U. Leiria,34,13,8,13,47,44,42,2,89,3,1,12
245,0506,V. Setúbal,34,14,4,16,46,28,33,-5,64,0,1,12
246,0506,E. Amadora,34,12,9,13,45,31,33,-2,118,3,5,12
247,0506,Marítimo,34,10,14,10,44,38,37,1,100,5,3,12
248,0506,Paços Ferreira,34,11,9,14,42,38,49,-11,101,0,0,12
249,0506,Gil Vicente,34,11,7,16,40,37,42,-5,117,4,6,12
250,0506,Belenenses,34,11,6,17,39,40,42,-2,83,3,1,12
251,0506,Académica,34,10,9,15,39,37,48,-11,99,6,5,12
252,0506,Naval,34,11,6,17,39,35,48,-13,123,7,3,12
253,0506,V. Guimarães,34,8,10,16,34,28,41,-13,115,3,6,12
254,0506,Rio Ave,34,8,10,16,34,34,53,-19,89,4,4,12
255,0506,Penafiel,34,2,9,23,15,21,61,-40,99,5,3,12
256,0405,SL Benfica,34,19,8,7,65,51,31,20,77,1,3,11
257,0405,FC Porto,34,17,11,6,62,39,26,13,111,2,7,11
258,0405,Sporting CP,34,18,7,9,61,66,36,30,86,5,5,11
259,0405,SC Braga,34,16,10,8,58,45,28,17,84,4,2,11
260,0405,V. Guimarães,34,15,9,10,54,38,29,9,118,5,2,11
261,0405,Boavista,34,13,11,10,50,39,43,-4,103,3,6,11
262,0405,Marítimo,34,12,13,9,49,39,32,7,81,6,3,11
263,0405,Rio Ave,34,10,17,7,47,35,35,0,93,2,1,11
264,0405,Belenenses,34,13,7,14,46,38,34,4,88,5,1,11
265,0405,V. Setúbal,34,11,11,12,44,46,45,1,69,2,1,11
266,0405,Penafiel,34,13,4,17,43,39,53,-14,96,4,5,11
267,0405,Nacional,34,12,5,17,41,46,48,-2,102,4,4,11
268,0405,Gil Vicente,34,11,7,16,40,34,40,-6,114,3,1,11
269,0405,U. Leiria,34,8,14,12,38,29,36,-7,97,4,4,11
270,0405,Académica,34,9,11,14,38,29,41,-12,99,6,1,11
271,0405,Moreirense,34,7,13,14,34,30,43,-13,86,3,1,11
272,0405,Estoril,34,8,6,20,30,38,55,-17,114,5,4,11
273,0405,Beira-Mar,34,6,12,16,30,30,56,-26,100,4,2,11
274,0102,Sporting CP,34,22,9,3,75,74,25,49,95,6,4,8
275,0102,Boavista,34,21,7,6,70,53,20,33,96,6,3,8
276,0102,FC Porto,34,21,5,8,68,66,34,32,96,5,2,8
277,0102,SL Benfica,34,17,12,5,63,66,37,29,79,4,6,8
278,0102,Belenenses,34,17,6,11,57,54,44,10,93,2,2,8
279,0102,Marítimo,34,17,5,12,56,48,35,13,90,6,5,8
280,0102,U. Leiria,34,15,10,9,55,52,35,17,101,2,4,8
281,0102,Paços Ferreira,34,12,10,12,46,41,44,-3,106,7,5,8
282,0102,SC Braga,34,10,12,12,42,43,43,0,105,4,5,8
283,0102,V. Guimarães,34,11,9,14,42,35,41,-6,79,2,2,8
284,0102,Beira-Mar,34,10,9,15,39,48,56,-8,104,3,4,8
285,0102,V. Setúbal,34,9,11,14,38,40,46,-6,99,5,4,8
286,0102,Gil Vicente,34,10,8,16,38,42,56,-14,95,7,2,8
287,0102,Santa Clara,34,9,10,15,37,32,46,-14,68,2,3,8
288,0102,Varzim,34,8,8,18,32,27,55,-28,66,5,1,8
289,0102,Salgueiros,34,8,6,20,30,29,71,-42,89,1,3,8
290,0102,Farense,34,7,7,20,28,29,63,-34,100,5,5,8
291,0102,Alverca,34,7,6,21,27,39,67,-28,111,4,2,8
292,0001,Boavista,34,23,8,3,77,63,22,41,88,1,3,7
293,0001,FC Porto,34,24,4,6,76,73,27,46,79,1,0,7
294,0001,Sporting CP,34,19,5,10,62,56,37,19,73,1,1,7
295,0001,SC Braga,34,16,9,9,57,58,48,10,105,2,1,7
296,0001,U. Leiria,34,15,11,8,56,46,41,5,101,2,5,7
297,0001,SL Benfica,34,15,9,10,54,54,44,10,97,5,6,7
298,0001,Belenenses,34,14,10,10,52,43,36,7,119,8,2,7
299,0001,Beira-Mar,34,14,7,13,49,45,49,-4,98,6,2,7
300,0001,Paços Ferreira,34,12,12,10,48,47,39,8,109,5,1,7
301,0001,Marítimo,34,12,7,15,43,34,37,-3,86,3,2,7
302,0001,Alverca,34,12,7,15,43,45,52,-7,101,3,1,7
303,0001,Salgueiros,34,13,4,17,43,41,55,-14,84,3,3,7
304,0001,Farense,34,10,9,15,39,37,47,-10,67,3,0,7
305,0001,Gil Vicente,34,10,7,17,37,34,41,-7,106,8,2,7
306,0001,V. Guimarães,34,9,9,16,36,41,49,-8,84,7,4,7
307,0001,Campomaiorense,34,7,11,16,32,29,58,-29,128,8,1,7
308,0001,Desp. Aves,34,4,10,20,22,31,68,-37,98,2,3,7
309,0001,E. Amadora,34,4,7,23,19,30,57,-27,104,5,1,7
310,9900,Sporting CP,34,23,8,3,77,57,22,35,69,2,1,6
311,9900,FC Porto,34,22,7,5,73,66,26,40,77,2,3,6
312,9900,SL Benfica,34,21,6,7,69,58,33,25,96,3,2,6
313,9900,Boavista,34,16,7,11,55,40,31,9,111,10,2,6
314,9900,Gil Vicente,34,14,11,9,53,48,34,14,89,3,2,6
315,9900,Marítimo,34,13,11,10,50,42,36,6,99,2,2,6
316,9900,V. Guimarães,34,14,6,14,48,48,43,5,52,1,0,6
317,9900,E. Amadora,34,10,15,9,45,40,35,5,104,6,5,6
318,9900,SC Braga,34,12,7,15,43,44,45,-1,103,2,1,6
319,9900,U. Leiria,34,10,12,12,42,31,35,-4,98,7,5,6
320,9900,Alverca,34,11,8,15,41,39,48,-9,116,10,3,6
321,9900,Belenenses,34,9,13,12,40,36,38,-2,82,2,2,6
322,9900,Campomaiorense,34,10,6,18,36,31,51,-20,119,13,3,6
323,9900,Farense,34,8,11,15,35,35,60,-25,80,7,1,6
324,9900,Salgueiros,34,9,7,18,34,30,49,-19,101,4,3,6
325,9900,Rio Ave,34,8,9,17,33,34,54,-20,74,3,1,6
326,9900,V. Setúbal,34,9,6,19,33,25,49,-24,107,8,1,6
327,9900,Santa Clara,34,7,10,17,31,35,50,-15,88,1,3,6
328,9899,FC Porto,34,24,7,3,79,85,26,59,89,2,2,5
329,9899,Boavista,34,20,11,3,71,57,29,28,115,9,0,5
330,9899,SL Benfica,34,19,8,7,65,71,29,42,98,7,2,5
331,9899,Sporting CP,34,17,12,5,63,64,32,32,82,4,1,5
332,9899,V. Setúbal,34,15,8,11,53,37,38,-1,105,5,3,5
333,9899,U. Leiria,34,14,10,10,52,36,29,7,103,6,2,5
334,9899,V. Guimarães,34,14,8,12,50,53,41,12,105,6,1,5
335,9899,E. Amadora,34,11,12,11,45,33,40,-7,83,4,1,5
336,9899,SC Braga,34,10,12,12,42,38,50,-12,107,8,6,5
337,9899,Marítimo,34,10,11,13,41,44,45,-1,121,5,0,5
338,9899,Farense,34,10,9,15,39,39,54,-15,107,5,7,5
339,9899,Salgueiros,34,7,17,10,38,45,55,-10,95,3,3,5
340,9899,Campomaiorense,34,10,7,17,37,41,51,-10,128,8,1,5
341,9899,Alverca,34,8,11,15,35,36,50,-14,112,13,4,5
342,9899,Rio Ave,34,8,11,15,35,26,47,-21,83,3,4,5
343,9899,Beira-Mar,34,6,15,13,33,36,53,-17,117,4,3,5
344,9899,Desp. Chaves,34,5,10,19,25,39,70,-31,100,9,6,5
345,9899,Académica,34,4,9,21,21,30,71,-41,95,2,2,5
346,9798,FC Porto,34,24,5,5,77,75,38,37,99,2,4,4
347,9798,SL Benfica,34,20,8,6,68,62,29,33,81,3,2,4
348,9798,V. Guimarães,34,17,8,9,59,42,25,17,87,6,4,4
349,9798,Sporting CP,34,15,11,8,56,45,33,12,93,6,3,4
350,9798,Marítimo,34,16,8,10,56,44,35,9,72,8,1,4
351,9798,Boavista,34,15,10,9,55,54,31,23,101,2,2,4
352,9798,E. Amadora,34,14,8,12,50,42,41,1,91,3,2,4
353,9798,Salgueiros,34,13,10,11,49,48,44,4,80,6,2,4
354,9798,Rio Ave,34,12,10,12,46,43,43,0,87,5,4,4
355,9798,SC Braga,34,11,12,11,45,48,49,-1,119,10,2,4
356,9798,Campomaiorense,34,11,7,16,40,53,58,-5,96,7,2,4
357,9798,Leça,34,10,8,16,38,29,52,-23,82,5,4,4
358,9798,V. Setúbal,34,10,7,17,37,38,43,-5,98,7,5,4
359,9798,Farense,34,8,13,13,37,41,50,-9,107,6,4,4
360,9798,Académica,34,8,12,14,36,27,41,-14,106,7,2,4
361,9798,Desp. Chaves,34,10,5,19,35,31,55,-24,105,7,2,4
362,9798,Varzim,34,6,11,17,29,26,51,-25,99,4,3,4
363,9798,Belenenses,34,5,9,20,24,22,52,-30,120,8,4,4
364,9697,FC Porto,34,27,4,3,85,80,24,56,91,5,2,3
365,9697,Sporting CP,34,22,6,6,72,55,19,36,94,3,1,3
366,9697,SL Benfica,34,17,7,10,58,49,30,19,91,9,1,3
367,9697,SC Braga,34,15,10,9,55,39,40,-1,123,8,5,3
368,9697,V. Guimarães,34,15,8,11,53,51,46,5,104,7,3,3
369,9697,Salgueiros,34,14,10,10,52,49,48,1,101,5,2,3
370,9697,Boavista,34,12,13,9,49,62,39,23,100,6,6,3
371,9697,E. Amadora,34,12,11,11,47,39,38,1,103,6,0,3
372,9697,Marítimo,34,13,8,13,47,39,38,1,103,4,5,3
373,9697,Desp. Chaves,34,12,10,12,46,39,45,-6,96,8,0,3
374,9697,Farense,34,10,12,12,42,34,34,0,118,6,3,3
375,9697,V. Setúbal,34,10,10,14,40,38,42,-4,100,3,2,3
376,9697,Belenenses,34,10,10,14,40,37,50,-13,102,5,1,3
377,9697,Leça,34,9,9,16,36,33,42,-9,78,0,4,3
378,9697,Rio Ave,34,8,11,15,35,35,42,-7,105,8,1,3
379,9697,Sp. Espinho,34,9,6,19,33,27,56,-29,117,6,3,3
380,9697,U. Leiria,34,8,6,20,30,25,53,-28,121,11,6,3
381,9697,Gil Vicente,34,4,7,23,19,29,74,-45,98,8,4,3
382,9596,FC Porto,34,26,6,2,84,84,20,64,72,1,3,2
383,9596,SL Benfica,34,22,7,5,73,57,27,30,97,5,1,2
384,9596,Sporting CP,34,19,10,5,67,69,27,42,78,3,6,2
385,9596,Boavista,34,19,8,7,65,59,28,31,86,5,0,2
386,9596,V. Guimarães,34,19,5,10,62,55,39,16,74,4,1,2
387,9596,Belenenses,34,14,9,11,51,53,33,20,78,8,0,2
388,9596,U. Leiria,34,14,5,15,47,38,50,-12,96,6,3,2
389,9596,SC Braga,34,12,9,13,45,44,47,-3,100,4,4,2
390,9596,Marítimo,34,12,7,15,43,39,53,-14,69,3,2,2
391,9596,Farense,34,10,6,18,36,36,45,-9,86,6,3,2
392,9596,Salgueiros,34,7,15,12,36,39,49,-10,80,5,1,2
393,9596,Gil Vicente,34,9,9,16,36,31,49,-18,101,6,1,2
394,9596,E. Amadora,34,7,14,13,35,35,50,-15,99,5,0,2
395,9596,Desp. Chaves,34,9,7,18,34,38,56,-18,90,3,2,2
396,9596,Leça,34,9,7,18,34,29,55,-26,116,12,8,2
397,9596,Felgueiras,34,8,9,17,33,29,47,-18,87,4,2,2
398,9596,Campomaiorense,34,10,3,21,33,32,69,-37,104,11,2,2
399,9596,Tirsense,34,7,10,17,31,30,53,-23,100,2,2,2
400,9495,FC Porto,34,29,4,1,91,72,15,57,77,3,4,1
401,9495,Sporting CP,34,22,9,3,75,57,22,35,74,1,2,1
402,9495,SL Benfica,34,22,5,7,71,61,28,33,96,5,4,1
403,9495,V. Guimarães,34,16,10,8,58,54,43,11,85,8,3,1
404,9495,Farense,34,16,5,13,53,44,38,6,92,6,0,1
405,9495,U. Leiria,34,13,10,11,49,41,44,-3,100,4,5,1
406,9495,Tirsense,34,14,6,14,48,35,34,1,87,6,3,1
407,9495,Marítimo,34,12,11,11,47,41,45,-4,63,4,1,1
408,9495,Boavista,34,12,8,14,44,40,49,-9,93,6,3,1
409,9495,SC Braga,34,11,10,13,43,34,42,-8,67,1,4,1
410,9495,Salgueiros,34,11,7,16,40,43,50,-7,90,11,1,1
411,9495,Belenenses,34,10,7,17,37,30,39,-9,92,6,1,1
412,9495,Desp. Chaves,34,10,7,17,37,33,49,-16,91,5,2,1
413,9495,Gil Vicente,34,7,13,14,34,30,40,-10,80,2,3,1
414,9495,E. Amadora,34,6,14,14,32,27,40,-13,84,4,1,1
415,9495,U. Madeira,34,7,10,17,31,30,54,-24,108,6,5,1
416,9495,Beira-Mar,34,8,5,21,29,33,54,-21,95,7,3,1
417,9495,V. Setúbal,34,3,13,18,22,25,44,-19,77,4,3,1
